Customer_Age,Dependent_count,Months_on_book,Total_Relationship_Count,Months_Inactive_12_mon,Contacts_Count_12_mon,Credit_Limit,Avg_Open_To_Buy,Total_Trans_Ct,Avg_Utilization_Ratio,Spend_Per_Transaction,Engagement_Score,Credit_Headroom,Segment,Gender_enc,Education_Level_enc,Marital_Status_enc,Income_Category_enc,Card_Category_enc
40,2,29,5,1,2,2636.0,683.0,70,0.741,65.48571428571428,2.413793103448276,1953.0,0,0,2,3,4,0
50,2,37,3,1,3,3126.0,3126.0,41,0.0,33.853658536585364,1.108108108108108,0.0,2,1,2,1,3,0
39,1,26,3,3,1,1876.0,340.0,47,0.819,54.87234042553192,1.807692307692308,1536.0,0,0,2,2,4,0
45,5,36,4,1,2,2289.0,1252.0,72,0.453,62.263888888888886,2.0,1037.0,0,0,2,1,4,0
51,1,36,4,3,4,22754.0,22754.0,77,0.0,110.7922077922078,2.138888888888889,0.0,3,1,3,1,3,0
33,1,28,6,1,3,2507.0,915.0,79,0.635,55.12658227848101,2.821428571428572,1592.0,0,1,3,0,1,0
40,3,31,5,2,4,2222.0,671.0,65,0.698,50.8,2.096774193548387,1551.0,0,0,3,3,4,0
35,3,36,4,1,4,19671.0,18747.0,124,0.047,112.16129032258064,3.4444444444444446,924.0,4,1,2,1,2,0
37,2,36,3,2,1,2346.0,725.0,79,0.691,54.265822784810126,2.1944444444444446,1621.0,0,0,3,2,5,0
38,2,36,2,3,2,7825.0,7825.0,100,0.0,143.26,2.7777777777777777,0.0,4,0,5,1,4,0
43,3,32,3,1,3,12219.0,10757.0,69,0.12,55.69565217391305,2.15625,1462.0,1,1,6,1,1,0
35,4,36,3,3,3,2311.0,1089.0,89,0.529,53.146067415730336,2.4722222222222223,1222.0,0,1,0,1,4,0
38,2,33,2,1,2,2569.0,1281.0,56,0.501,73.67857142857143,1.696969696969697,1288.0,0,0,0,2,4,0
36,3,36,6,5,3,2786.0,1158.0,55,0.584,51.87272727272728,1.5277777777777777,1628.0,0,0,6,1,4,0
51,2,36,6,3,3,3359.0,2486.0,81,0.26,56.44444444444444,2.25,873.0,1,0,5,1,1,0
43,3,30,3,3,2,2023.0,692.0,79,0.658,64.53164556962025,2.6333333333333333,1331.0,0,0,0,2,4,0
36,3,28,3,1,1,1967.0,1967.0,77,0.0,60.0,2.75,0.0,1,0,3,1,4,0
59,1,36,4,2,2,2483.0,1111.0,35,0.553,48.68571428571428,0.9722222222222222,1372.0,2,1,4,1,1,0
47,2,36,6,2,1,8311.0,8311.0,57,0.0,33.24561403508772,1.5833333333333333,0.0,1,1,5,3,2,0
45,4,35,3,2,2,1502.0,1502.0,61,0.0,80.1639344262295,1.7428571428571429,0.0,1,0,3,2,4,0
38,0,19,3,1,3,3238.0,1092.0,45,0.663,33.355555555555554,2.3684210526315788,2146.0,0,1,5,1,2,0
62,0,50,3,3,3,3989.0,3989.0,68,0.0,62.85294117647059,1.36,0.0,1,0,3,2,4,0
47,2,36,3,1,3,9437.0,7413.0,78,0.214,60.44871794871795,2.1666666666666665,2024.0,1,1,6,1,3,0
39,2,19,1,2,1,6146.0,6146.0,76,0.0,47.96052631578947,4.0,0.0,1,1,2,2,2,0
56,2,39,1,2,3,8767.0,7083.0,79,0.192,102.1012658227848,2.025641025641025,1684.0,1,0,5,2,4,0
52,1,36,2,3,3,1857.0,24.0,17,0.987,48.76470588235294,0.4722222222222222,1833.0,2,1,5,1,3,0
40,4,23,6,3,2,9760.0,8103.0,86,0.17,52.81395348837209,3.739130434782609,1657.0,1,1,5,1,3,0
46,4,38,3,3,2,4335.0,1855.0,36,0.572,38.138888888888886,0.9473684210526316,2480.0,2,1,2,2,2,0
38,3,36,3,3,2,5576.0,5576.0,85,0.0,50.84705882352941,2.361111111111111,0.0,1,0,6,1,1,0
40,3,32,5,1,2,2526.0,223.0,69,0.912,52.11594202898551,2.15625,2303.0,0,1,2,2,1,0
54,2,41,3,1,3,7362.0,6186.0,130,0.16,133.76923076923077,3.1707317073170733,1176.0,4,0,2,1,1,0
31,1,36,4,3,3,4260.0,2485.0,52,0.417,40.55769230769231,1.4444444444444444,1775.0,2,1,0,1,3,0
46,4,36,4,3,4,2286.0,2286.0,40,0.0,69.95,1.1111111111111112,0.0,2,0,2,1,5,0
45,4,35,1,1,3,8449.0,6357.0,120,0.248,146.95,3.4285714285714284,2092.0,4,1,3,2,2,0
45,3,32,5,2,2,24487.0,21970.0,42,0.103,36.0,1.3125,2517.0,3,1,2,2,3,0
45,5,29,5,3,1,2555.0,1874.0,78,0.267,62.66666666666666,2.689655172413793,681.0,1,0,4,1,5,0
44,1,29,6,1,2,8315.0,7307.0,66,0.121,61.93939393939394,2.2758620689655173,1008.0,1,1,6,3,3,0
55,2,36,4,3,3,2358.0,1206.0,26,0.489,66.8076923076923,0.7222222222222222,1152.0,2,0,3,1,4,0
59,1,45,6,3,3,9899.0,7876.0,73,0.204,62.72602739726028,1.6222222222222222,2023.0,1,0,5,3,4,0
45,3,41,2,2,2,32426.0,31848.0,28,0.018,39.60714285714285,0.6829268292682927,578.0,3,1,2,2,3,0
47,3,34,4,1,3,1963.0,439.0,59,0.776,59.1864406779661,1.7352941176470589,1524.0,0,0,3,2,1,0
35,1,24,6,3,2,10467.0,8506.0,65,0.187,41.0,2.708333333333333,1961.0,1,1,1,2,1,0
47,3,42,6,3,3,13189.0,11984.0,83,0.091,46.036144578313255,1.9761904761904765,1205.0,1,1,2,1,3,0
55,2,36,6,2,3,29795.0,27431.0,71,0.079,55.61971830985915,1.9722222222222223,2364.0,3,1,5,2,0,0
42,4,38,2,1,3,34516.0,32243.0,103,0.066,82.54368932038835,2.710526315789474,2273.0,4,1,2,2,3,3
62,0,56,2,6,2,3477.0,3477.0,40,0.0,52.825,0.7142857142857143,0.0,2,1,0,3,1,0
38,2,28,6,2,2,1628.0,1628.0,41,0.0,61.63414634146341,1.4642857142857142,0.0,2,0,6,1,1,0
48,4,43,2,3,4,34516.0,34516.0,28,0.0,58.07142857142857,0.6511627906976745,0.0,3,1,5,2,3,3
48,4,35,3,2,2,1705.0,513.0,41,0.699,118.58536585365852,1.1714285714285717,1192.0,0,0,2,2,4,0
26,0,19,2,1,2,3416.0,2307.0,70,0.325,65.91428571428571,3.684210526315789,1109.0,1,0,2,2,4,0
50,4,36,4,2,2,6465.0,4602.0,68,0.288,66.02941176470588,1.8888888888888888,1863.0,1,0,0,1,5,0
30,1,36,6,2,4,5061.0,5061.0,38,0.0,34.44736842105263,1.0555555555555556,0.0,2,1,4,0,4,0
50,4,36,6,1,4,7084.0,7084.0,66,0.0,58.15151515151515,1.8333333333333333,0.0,1,1,0,1,0,0
45,4,39,6,3,1,1438.3,1438.3,71,0.0,64.73239436619718,1.8205128205128205,0.0,1,0,5,1,5,0
49,3,40,3,3,2,5267.0,5267.0,24,0.0,56.375,0.6,0.0,2,0,3,0,5,0
53,3,43,4,3,4,34516.0,33432.0,124,0.031,115.4758064516129,2.883720930232558,1084.0,4,1,6,2,3,0
47,3,35,5,1,2,17343.0,16063.0,57,0.074,55.6140350877193,1.6285714285714286,1280.0,3,1,3,1,2,0
53,0,34,3,1,4,20231.0,18797.0,78,0.071,64.12820512820512,2.294117647058824,1434.0,3,1,2,2,3,0
60,1,47,2,3,1,3845.0,2385.0,106,0.38,136.1509433962264,2.25531914893617,1460.0,4,0,3,1,4,0
48,4,40,3,3,3,2300.0,394.0,71,0.829,63.91549295774648,1.775,1906.0,0,0,2,2,5,0
50,1,37,3,2,4,1838.0,1838.0,47,0.0,52.361702127659576,1.2702702702702702,0.0,2,0,5,2,4,0
45,0,37,4,3,2,9654.0,7619.0,67,0.211,63.0,1.8108108108108107,2035.0,1,1,6,1,3,0
53,1,41,4,2,2,2596.0,1728.0,72,0.334,66.68055555555556,1.7560975609756098,868.0,1,0,5,1,4,0
65,0,36,4,0,1,1438.3,756.3,63,0.474,70.26984126984127,1.75,682.0,0,1,2,2,1,0
53,2,42,6,1,5,2322.0,1038.0,27,0.553,58.25925925925926,0.6428571428571429,1284.0,2,0,5,1,4,0
44,2,36,6,3,1,28292.0,28292.0,60,0.0,65.8,1.6666666666666667,0.0,3,1,2,2,5,0
34,1,16,6,1,4,2221.0,407.0,64,0.817,74.34375,4.0,1814.0,0,0,0,1,4,0
57,1,53,3,2,4,25058.0,23348.0,55,0.068,37.32727272727273,1.0377358490566038,1710.0,3,1,3,1,3,0
58,4,50,5,2,3,18431.0,17529.0,61,0.049,48.36065573770492,1.22,902.0,3,1,5,2,1,3
34,2,24,6,2,2,3663.0,1810.0,35,0.506,52.17142857142857,1.4583333333333333,1853.0,2,0,2,1,4,0
38,1,19,2,3,3,3581.0,2887.0,109,0.194,134.28440366972478,5.7368421052631575,694.0,4,1,3,2,1,0
43,4,36,4,3,4,34516.0,32623.0,76,0.055,47.88157894736842,2.111111111111111,1893.0,3,0,2,2,5,3
43,2,34,3,1,3,2032.0,1024.0,86,0.496,55.06976744186046,2.5294117647058822,1008.0,0,0,3,1,1,0
28,0,15,2,2,2,23103.0,22206.0,120,0.039,117.075,8.0,897.0,4,0,2,1,5,0
49,1,40,6,2,2,3170.0,1742.0,72,0.45,56.90277777777778,1.8,1428.0,0,1,3,2,2,0
52,1,40,5,1,3,2259.0,538.0,38,0.762,48.73684210526316,0.95,1721.0,2,0,5,2,5,0
34,0,26,4,3,3,5175.0,4198.0,49,0.189,49.08163265306123,1.8846153846153848,977.0,2,1,2,1,2,0
52,4,48,5,5,2,1438.3,667.3,74,0.536,68.28378378378379,1.5416666666666667,771.0,0,0,5,0,5,0
45,4,36,1,3,1,34516.0,33105.0,96,0.041,83.40625,2.6666666666666665,1411.0,4,1,1,2,0,1
52,3,36,3,3,2,18336.0,16259.0,84,0.113,89.39285714285714,2.333333333333333,2077.0,1,1,2,1,2,0
45,2,37,6,4,1,2811.0,1181.0,78,0.58,54.80769230769231,2.108108108108108,1630.0,0,1,5,3,1,0
33,1,17,4,3,2,13431.0,11848.0,71,0.118,32.929577464788736,4.176470588235294,1583.0,1,0,0,2,4,3
44,4,29,3,1,2,1438.3,1438.3,60,0.0,66.18333333333334,2.0689655172413794,0.0,1,0,2,1,1,0
38,3,28,4,2,3,2435.0,547.0,39,0.775,47.35897435897436,1.3928571428571428,1888.0,0,0,3,1,4,0
34,2,24,5,3,3,5712.0,3757.0,54,0.342,48.46296296296296,2.25,1955.0,2,0,2,2,4,0
53,1,48,6,6,3,2370.0,1204.0,45,0.492,48.08888888888889,0.9375,1166.0,2,0,2,2,4,0
54,4,40,6,2,2,2532.0,311.0,21,0.877,38.04761904761905,0.525,2221.0,2,0,2,1,5,0
59,2,46,3,3,3,1438.3,1438.3,24,0.0,35.166666666666664,0.5217391304347826,0.0,2,1,4,1,2,0
53,1,34,2,1,2,8507.0,7023.0,114,0.174,131.1315789473684,3.3529411764705883,1484.0,4,1,3,3,0,0
34,3,21,2,2,2,1576.0,1576.0,56,0.0,48.267857142857146,2.6666666666666665,0.0,1,0,3,2,4,0
41,3,34,5,3,3,34516.0,32463.0,26,0.059,57.19230769230769,0.7647058823529411,2053.0,3,0,6,1,5,3
28,1,15,3,3,1,2109.0,567.0,56,0.731,40.375,3.733333333333333,1542.0,0,1,6,2,1,0
55,2,47,3,1,2,4580.0,3280.0,34,0.284,49.8235294117647,0.723404255319149,1300.0,2,0,2,1,4,0
60,1,36,5,2,2,2688.0,1071.0,71,0.602,58.91549295774648,1.9722222222222223,1617.0,0,0,3,2,4,0
58,1,36,5,1,1,3173.0,1460.0,75,0.54,50.626666666666665,2.083333333333333,1713.0,0,0,2,2,4,0
52,3,46,4,2,2,9357.0,8072.0,77,0.137,54.1948051948052,1.673913043478261,1285.0,1,1,2,2,2,0
55,2,36,5,1,2,2712.0,1095.0,73,0.596,66.54794520547945,2.0277777777777777,1617.0,0,0,2,3,4,0
41,3,33,1,1,2,18266.0,17444.0,124,0.045,117.86290322580643,3.757575757575758,822.0,4,0,1,1,1,3
46,2,40,1,2,2,34516.0,32867.0,87,0.048,86.80459770114942,2.175,1649.0,3,1,0,1,0,0
46,3,34,4,2,4,9863.0,9177.0,58,0.07,52.89655172413793,1.7058823529411764,686.0,2,0,2,0,4,0
29,0,19,2,1,2,3261.0,744.0,54,0.772,45.57407407407408,2.8421052631578947,2517.0,0,0,0,1,4,0
40,4,25,3,3,1,1962.0,1962.0,27,0.0,43.66666666666666,1.08,0.0,2,1,0,3,3,0
35,4,36,4,3,3,1931.0,1931.0,46,0.0,55.84782608695652,1.2777777777777777,0.0,2,0,2,1,5,0
57,4,51,4,2,3,16952.0,16952.0,61,0.0,31.442622950819672,1.196078431372549,0.0,3,1,4,1,0,0
47,3,36,3,3,2,17656.0,17656.0,71,0.0,65.25352112676056,1.9722222222222223,0.0,1,1,5,2,2,0
50,2,31,5,1,3,13745.0,13745.0,61,0.0,72.65573770491804,1.967741935483871,0.0,1,0,2,1,5,0
42,3,30,1,1,2,1821.0,886.0,87,0.513,55.01149425287356,2.9,935.0,0,0,3,1,5,0
48,3,36,4,2,2,11432.0,8915.0,37,0.22,37.13513513513514,1.0277777777777777,2517.0,2,1,3,2,2,0
47,4,33,3,2,1,34516.0,32837.0,27,0.049,39.25925925925926,0.8181818181818182,1679.0,3,1,2,1,2,3
43,3,37,2,3,1,16583.0,14786.0,87,0.108,89.91954022988506,2.3513513513513518,1797.0,1,0,6,2,5,0
61,0,50,2,4,3,21398.0,21398.0,53,0.0,58.84905660377358,1.06,0.0,3,1,0,2,3,0
34,3,21,6,4,2,4670.0,4670.0,56,0.0,40.285714285714285,2.6666666666666665,0.0,1,1,2,0,3,0
56,2,36,4,1,2,13904.0,13279.0,67,0.045,47.02985074626866,1.8611111111111112,625.0,1,0,3,2,1,0
58,5,47,1,3,3,2038.0,939.0,70,0.539,68.34285714285714,1.4893617021276595,1099.0,0,0,6,1,1,0
45,4,36,2,2,2,4146.0,2119.0,64,0.489,67.546875,1.7777777777777777,2027.0,0,0,2,1,5,0
35,3,36,4,1,4,7234.0,5234.0,83,0.276,51.46987951807229,2.305555555555556,2000.0,1,0,2,1,1,0
51,0,45,3,2,3,10648.0,8131.0,89,0.236,55.39325842696629,1.9777777777777776,2517.0,1,1,3,2,3,0
42,4,36,4,2,3,3591.0,1842.0,80,0.487,63.4875,2.2222222222222223,1749.0,0,1,2,1,2,0
43,4,25,1,2,2,9043.0,7069.0,48,0.218,96.625,1.92,1974.0,1,1,4,2,1,0
59,1,48,4,3,2,14257.0,13144.0,23,0.078,78.65217391304348,0.4791666666666667,1113.0,2,1,2,1,2,0
51,4,38,4,1,4,34516.0,33001.0,32,0.044,40.40625,0.8421052631578947,1515.0,3,1,5,2,3,3
40,2,34,3,3,3,4757.0,2779.0,71,0.416,59.436619718309856,2.088235294117647,1978.0,0,0,6,1,4,0
53,2,36,2,2,1,3212.0,3212.0,20,0.0,37.85,0.5555555555555556,0.0,2,1,6,1,3,0
52,1,36,6,1,1,4222.0,4222.0,77,0.0,58.27272727272727,2.138888888888889,0.0,1,0,5,1,5,0
62,0,49,5,1,2,30310.0,30310.0,91,0.0,40.69230769230769,1.8571428571428568,0.0,3,0,2,2,5,3
46,5,38,4,5,2,2799.0,387.0,91,0.862,50.92307692307692,2.3947368421052637,2412.0,0,0,2,2,4,0
31,1,36,2,3,3,21067.0,21067.0,71,0.0,129.74647887323945,1.9722222222222223,0.0,3,0,5,2,5,0
44,2,37,4,3,3,5589.0,4253.0,75,0.239,56.82666666666667,2.027027027027027,1336.0,1,0,0,3,5,0
54,3,44,5,3,2,2921.0,509.0,33,0.826,79.15151515151516,0.75,2412.0,2,0,0,1,4,0
48,3,36,6,2,2,34516.0,34516.0,54,0.0,32.092592592592595,1.5,0.0,3,1,0,1,3,3
34,3,29,4,1,2,2000.0,2000.0,42,0.0,46.285714285714285,1.4482758620689655,0.0,2,0,0,1,1,0
57,3,51,5,1,0,2894.0,2894.0,87,0.0,62.12643678160919,1.7058823529411764,0.0,1,0,0,2,4,0
40,4,26,2,2,3,20929.0,19277.0,76,0.079,52.64473684210526,2.923076923076923,1652.0,1,1,6,2,2,0
55,4,41,2,2,2,27560.0,26660.0,10,0.033,64.6,0.2439024390243902,900.0,3,1,3,1,3,0
48,1,42,3,3,2,1942.0,1082.0,42,0.443,60.04761904761905,1.0,860.0,2,0,2,1,4,0
31,2,14,4,3,3,6933.0,5063.0,115,0.27,135.52173913043478,8.214285714285714,1870.0,4,1,2,2,4,0
57,2,52,6,2,4,10974.0,10974.0,26,0.0,51.03846153846154,0.5,0.0,2,1,5,1,3,0
54,3,49,3,2,3,34516.0,34516.0,24,0.0,88.125,0.4897959183673469,0.0,3,1,0,2,0,0
38,1,29,2,2,3,10972.0,10972.0,73,0.0,60.28767123287671,2.5172413793103448,0.0,1,1,6,2,3,0
60,0,42,5,3,3,2758.0,1329.0,74,0.518,69.24324324324324,1.761904761904762,1429.0,0,0,1,2,4,0
47,2,36,3,2,2,13867.0,13867.0,68,0.0,63.19117647058823,1.8888888888888888,0.0,1,1,6,3,2,0
40,2,36,6,1,3,2797.0,1947.0,64,0.304,57.0625,1.7777777777777777,850.0,1,0,1,2,1,0
41,3,28,1,3,3,16627.0,14509.0,99,0.127,80.76767676767676,3.5357142857142856,2118.0,4,1,3,0,3,0
44,0,36,1,1,1,29572.0,27988.0,88,0.054,85.97727272727273,2.4444444444444446,1584.0,4,1,2,3,2,3
34,4,36,2,2,4,5021.0,2504.0,40,0.501,56.75,1.1111111111111112,2517.0,2,0,2,1,4,0
41,1,30,3,3,1,2029.0,1408.0,37,0.306,84.91891891891892,1.2333333333333334,621.0,2,0,1,0,4,0
52,3,40,4,4,1,4223.0,1988.0,62,0.529,59.17741935483871,1.55,2235.0,0,0,3,1,4,0
43,2,25,5,2,4,2086.0,79.0,48,0.962,52.85416666666666,1.92,2007.0,0,0,5,0,4,0
51,2,36,6,2,3,13812.0,12680.0,56,0.082,66.48214285714286,1.5555555555555556,1132.0,1,0,6,1,4,3
53,2,47,3,4,2,2927.0,410.0,60,0.86,37.18333333333333,1.2765957446808511,2517.0,0,0,2,1,4,0
53,3,40,6,2,5,4182.0,3441.0,24,0.177,54.04166666666666,0.6,741.0,2,1,3,1,0,0
38,2,29,5,3,2,3276.0,945.0,68,0.712,63.89705882352941,2.3448275862068964,2331.0,0,0,6,2,1,0
43,3,36,1,3,2,9633.0,9633.0,90,0.0,164.76666666666668,2.5,0.0,4,0,0,1,1,0
39,2,31,5,3,2,8687.0,7541.0,33,0.132,69.06060606060606,1.064516129032258,1146.0,2,1,2,1,1,0
50,2,43,5,3,4,3424.0,3424.0,74,0.0,66.60810810810811,1.7209302325581397,0.0,1,0,2,3,4,0
54,3,50,6,2,2,3796.0,1400.0,54,0.631,38.31481481481482,1.08,2396.0,0,0,6,1,4,0
59,2,50,2,1,2,11808.0,11808.0,113,0.0,121.69026548672566,2.26,0.0,4,1,2,2,1,0
43,3,39,3,3,1,24850.0,23188.0,25,0.067,49.04,0.6410256410256411,1662.0,3,1,0,3,3,0
55,0,42,3,2,1,8302.0,5785.0,34,0.303,46.35294117647059,0.8095238095238095,2517.0,2,1,2,1,0,0
52,0,46,6,4,3,7210.0,7210.0,36,0.0,69.88888888888889,0.782608695652174,0.0,2,0,1,1,5,0
44,4,33,3,1,3,4552.0,3408.0,104,0.251,138.6346153846154,3.1515151515151514,1144.0,4,1,1,1,3,0
55,3,46,4,3,2,5162.0,4178.0,72,0.191,49.47222222222222,1.565217391304348,984.0,1,0,4,2,1,0
51,2,40,4,3,0,3532.0,2768.0,74,0.216,54.94594594594594,1.85,764.0,1,1,2,2,2,0
49,1,41,6,1,3,20231.0,19254.0,36,0.048,33.75,0.8780487804878049,977.0,3,1,2,3,1,3
57,1,36,6,2,4,23848.0,21881.0,43,0.082,37.0,1.1944444444444444,1967.0,3,1,6,1,0,0
49,4,43,1,2,2,20701.0,18184.0,113,0.122,127.20353982300884,2.627906976744186,2517.0,4,1,2,2,3,0
39,2,36,1,3,1,2816.0,299.0,87,0.894,55.367816091954026,2.4166666666666665,2517.0,0,0,3,1,4,0
45,3,32,3,2,2,1942.0,1942.0,31,0.0,59.774193548387096,0.96875,0.0,2,0,5,0,4,0
49,4,32,5,2,3,25620.0,24513.0,66,0.043,53.07575757575758,2.0625,1107.0,3,1,6,1,2,3
44,4,38,6,4,1,7182.0,5408.0,67,0.247,64.08955223880596,1.763157894736842,1774.0,1,0,5,0,4,0
35,3,28,4,2,2,11521.0,10374.0,68,0.1,33.23529411764706,2.4285714285714284,1147.0,1,1,3,2,3,0
37,1,32,4,2,3,1976.0,1976.0,73,0.0,60.602739726027394,2.28125,0.0,1,0,0,2,1,0
49,0,39,4,3,0,2434.0,2434.0,73,0.0,63.397260273972606,1.871794871794872,0.0,1,0,2,2,4,0
57,4,38,6,6,2,19802.0,17841.0,58,0.099,38.689655172413794,1.5263157894736843,1961.0,3,1,5,1,0,0
58,2,53,3,0,2,1944.0,1944.0,40,0.0,60.3,0.7547169811320755,0.0,2,0,3,1,4,0
43,5,38,2,3,5,1438.3,1438.3,49,0.0,48.755102040816325,1.2894736842105263,0.0,2,1,2,1,2,0
55,2,43,6,2,3,2736.0,1743.0,85,0.363,47.976470588235294,1.976744186046512,993.0,1,0,5,1,4,0
39,4,36,5,3,1,2609.0,953.0,64,0.635,47.25,1.7777777777777777,1656.0,0,0,5,2,4,0
48,2,37,4,2,3,5758.0,5758.0,76,0.0,58.18421052631579,2.054054054054054,0.0,1,0,6,1,4,0
42,5,36,1,2,2,10531.0,8201.0,118,0.221,126.73728813559322,3.2777777777777777,2330.0,4,1,4,3,1,0
47,2,39,2,2,2,3471.0,3471.0,115,0.0,125.05217391304348,2.948717948717949,0.0,4,1,5,1,1,0
45,5,38,1,2,3,6895.0,4581.0,85,0.336,103.27058823529411,2.236842105263158,2314.0,4,1,6,1,2,0
63,1,56,4,2,2,7936.0,5855.0,81,0.262,52.4320987654321,1.4464285714285714,2081.0,1,1,2,2,4,0
36,3,30,3,2,3,8696.0,7214.0,67,0.17,42.492537313432834,2.2333333333333334,1482.0,1,0,0,2,5,0
32,2,24,5,3,1,1553.0,376.0,68,0.758,66.8970588235294,2.833333333333333,1177.0,0,0,4,1,1,0
51,3,38,1,3,2,1759.0,414.0,81,0.765,53.71604938271605,2.131578947368421,1345.0,0,0,3,2,4,0
44,5,36,3,2,2,2509.0,1045.0,72,0.583,43.97222222222222,2.0,1464.0,0,1,3,1,3,0
44,1,25,3,2,4,3101.0,3101.0,37,0.0,67.89189189189189,1.48,0.0,2,0,2,2,4,0
51,3,31,6,1,2,7693.0,7693.0,93,0.0,49.17204301075269,3.0,0.0,1,1,2,1,3,0
46,2,40,5,2,2,6568.0,6568.0,33,0.0,45.66666666666666,0.825,0.0,2,0,2,3,4,0
62,1,53,2,1,1,5249.0,5249.0,31,0.0,42.41935483870968,0.5849056603773585,0.0,2,0,3,1,1,0
49,2,36,2,1,2,6224.0,4895.0,93,0.214,153.09677419354838,2.583333333333333,1329.0,4,1,6,1,2,0
36,0,19,1,2,3,13313.0,13313.0,121,0.0,128.50413223140495,6.368421052631579,0.0,4,0,6,1,4,3
44,2,34,6,3,3,2558.0,542.0,78,0.788,48.61538461538461,2.294117647058824,2016.0,0,1,5,1,3,0
44,2,39,4,1,2,1701.0,926.0,71,0.456,62.971830985915496,1.8205128205128205,775.0,0,0,0,1,1,0
51,2,25,4,3,3,3042.0,3042.0,79,0.0,60.51898734177215,3.16,0.0,1,0,0,1,4,0
42,3,36,1,2,1,2344.0,1263.0,80,0.461,48.6125,2.2222222222222223,1081.0,0,0,2,2,4,0
49,4,32,2,1,3,3519.0,2183.0,68,0.38,52.23529411764706,2.125,1336.0,1,1,3,1,5,0
53,2,46,3,6,3,17190.0,15454.0,117,0.101,128.67521367521368,2.5434782608695654,1736.0,4,1,5,3,3,0
48,4,37,1,3,4,5268.0,3077.0,40,0.416,53.45,1.0810810810810811,2191.0,2,1,5,2,1,0
54,3,47,6,2,4,15108.0,13820.0,65,0.085,57.12307692307692,1.3829787234042554,1288.0,3,1,2,3,3,0
51,2,37,5,1,4,8511.0,8511.0,62,0.0,60.88709677419355,1.6756756756756757,0.0,1,1,2,1,2,0
55,1,43,2,2,3,24884.0,24884.0,53,0.0,96.35849056603772,1.2325581395348837,0.0,3,1,0,2,3,0
51,1,36,6,2,2,17905.0,16925.0,64,0.055,68.734375,1.7777777777777777,980.0,3,1,2,1,1,3
43,3,31,3,3,1,2692.0,653.0,73,0.757,63.31506849315068,2.3548387096774195,2039.0,0,0,3,1,5,0
54,0,36,1,2,3,1740.0,1740.0,93,0.0,51.08602150537634,2.583333333333333,0.0,1,0,2,1,4,0
49,3,37,2,2,2,5855.0,5855.0,80,0.0,115.025,2.1621621621621623,0.0,1,0,6,2,4,0
54,4,36,3,5,3,1594.0,183.0,35,0.885,41.68571428571428,0.9722222222222222,1411.0,2,0,3,1,4,0
58,2,39,3,4,3,4608.0,3531.0,31,0.234,49.516129032258064,0.7948717948717948,1077.0,2,0,2,1,4,0
47,3,34,2,1,2,8390.0,8390.0,92,0.0,90.3913043478261,2.7058823529411766,0.0,4,1,0,1,4,0
32,2,20,2,3,3,34516.0,32380.0,119,0.062,123.25210084033614,5.95,2136.0,4,1,5,2,3,3
44,1,29,2,1,3,34516.0,33574.0,86,0.027,89.12790697674419,2.9655172413793105,942.0,3,1,2,1,3,1
48,2,41,5,3,2,2964.0,447.0,38,0.849,61.23684210526316,0.926829268292683,2517.0,0,0,5,1,4,0
33,2,28,4,2,2,22399.0,20968.0,62,0.064,38.54838709677419,2.2142857142857144,1431.0,3,1,2,1,3,0
30,1,19,6,1,2,1644.0,1644.0,44,0.0,57.56818181818182,2.3157894736842106,0.0,1,0,5,0,4,0
38,1,26,4,1,3,2652.0,156.0,58,0.941,63.63793103448276,2.230769230769231,2496.0,0,0,4,2,4,0
38,2,31,6,3,2,1555.0,569.0,75,0.634,62.48,2.419354838709677,986.0,0,0,1,2,4,0
37,3,27,6,1,3,2229.0,438.0,32,0.803,49.46875,1.1851851851851851,1791.0,2,0,5,1,4,0
49,1,31,5,2,1,5714.0,4846.0,85,0.152,50.95294117647059,2.7419354838709675,868.0,1,0,6,1,4,0
51,2,39,4,3,2,9773.0,7775.0,71,0.204,50.394366197183096,1.8205128205128205,1998.0,1,1,6,1,3,0
50,2,31,3,3,3,12906.0,12585.0,62,0.025,33.516129032258064,2.0,321.0,1,1,2,1,3,0
44,1,31,2,2,3,1550.0,834.0,87,0.462,52.11494252873563,2.806451612903226,716.0,0,0,2,2,4,0
41,4,37,5,1,4,7492.0,6093.0,67,0.187,54.74626865671642,1.8108108108108107,1399.0,1,0,2,0,4,0
37,3,28,2,3,2,6407.0,5929.0,77,0.075,121.06493506493509,2.75,478.0,1,1,2,1,2,0
42,3,32,2,3,2,9749.0,8890.0,86,0.088,54.46511627906977,2.6875,859.0,1,0,2,3,5,0
41,3,28,1,1,3,34516.0,32899.0,93,0.047,140.67741935483872,3.321428571428572,1617.0,4,1,0,1,3,0
49,4,41,3,1,1,7184.0,5977.0,58,0.168,55.93103448275862,1.4146341463414631,1207.0,1,1,0,0,0,0
34,2,29,5,2,2,5845.0,5845.0,35,0.0,65.94285714285714,1.206896551724138,0.0,2,0,2,1,4,0
45,4,36,1,2,3,7231.0,6184.0,115,0.145,135.4,3.1944444444444446,1047.0,4,1,2,1,4,0
54,3,43,4,1,1,13219.0,13219.0,24,0.0,45.708333333333336,0.5581395348837209,0.0,2,1,3,1,0,0
41,4,36,4,2,2,8013.0,5988.0,45,0.253,32.91111111111111,1.25,2025.0,2,1,3,1,2,0
40,2,36,2,2,3,3569.0,2515.0,85,0.295,93.68235294117648,2.361111111111111,1054.0,1,0,6,2,4,0
47,3,36,6,1,2,3979.0,2660.0,67,0.331,68.6268656716418,1.8611111111111112,1319.0,1,0,4,3,1,0
44,3,34,3,1,2,34516.0,31999.0,83,0.073,89.48192771084338,2.4411764705882355,2517.0,3,1,3,1,0,3
42,4,27,3,1,1,1950.0,888.0,76,0.545,50.96052631578947,2.814814814814815,1062.0,0,0,2,1,1,0
43,4,36,3,3,2,34516.0,33468.0,73,0.03,57.42465753424658,2.0277777777777777,1048.0,3,1,3,0,3,0
41,0,31,4,2,4,2685.0,1038.0,94,0.613,49.20212765957447,3.032258064516129,1647.0,0,0,3,1,4,0
34,2,17,3,1,2,5030.0,2704.0,69,0.462,48.47826086956522,4.0588235294117645,2326.0,0,1,5,2,0,0
48,3,37,6,3,1,1438.3,1438.3,76,0.0,66.25,2.054054054054054,0.0,1,0,0,2,1,0
52,1,42,5,3,3,3103.0,586.0,80,0.811,58.0125,1.9047619047619049,2517.0,0,0,5,1,4,0
36,4,28,5,1,2,2226.0,619.0,62,0.722,42.903225806451616,2.2142857142857144,1607.0,0,0,3,2,4,0
62,1,53,4,3,4,34516.0,32455.0,76,0.06,50.26315789473684,1.4339622641509433,2061.0,3,1,2,2,0,0
36,2,29,6,3,4,2029.0,839.0,40,0.586,45.05,1.3793103448275863,1190.0,2,0,6,1,4,0
52,3,37,4,2,2,1554.0,628.0,79,0.596,63.25316455696203,2.135135135135135,926.0,0,0,6,2,4,0
49,2,36,6,3,1,5370.0,4717.0,81,0.122,55.60493827160494,2.25,653.0,1,0,2,3,1,0
41,4,31,3,1,0,5773.0,5773.0,39,0.0,33.48717948717949,1.2580645161290325,0.0,2,0,3,2,4,0
47,4,28,6,1,3,8757.0,8757.0,47,0.0,44.85106382978724,1.6785714285714286,0.0,2,1,6,0,3,0
53,2,38,6,3,2,7928.0,6700.0,37,0.155,41.54054054054054,0.9736842105263158,1228.0,2,1,2,1,2,0
44,4,30,3,4,4,4333.0,4333.0,40,0.0,38.95,1.3333333333333333,0.0,2,0,2,2,1,0
39,3,34,4,3,5,19074.0,19074.0,74,0.0,50.83783783783784,2.176470588235294,0.0,3,1,2,2,3,0
35,1,18,5,1,2,7583.0,5964.0,53,0.214,42.0566037735849,2.9444444444444446,1619.0,1,0,2,1,4,0
56,3,46,4,3,2,2258.0,2258.0,72,0.0,66.70833333333333,1.565217391304348,0.0,1,0,5,2,4,0
41,0,31,3,5,2,33472.0,30955.0,70,0.075,67.41428571428571,2.2580645161290325,2517.0,3,1,3,2,3,0
42,2,26,4,3,2,11761.0,9986.0,73,0.151,67.75342465753425,2.8076923076923075,1775.0,1,1,2,2,2,0
36,3,28,5,3,2,1438.3,1438.3,68,0.0,47.11764705882353,2.4285714285714284,0.0,1,1,3,2,3,0
40,4,28,1,3,3,1622.0,650.0,71,0.599,59.38028169014085,2.5357142857142856,972.0,0,0,2,1,5,0
35,2,23,6,3,3,2317.0,1016.0,71,0.562,58.6056338028169,3.0869565217391304,1301.0,0,0,2,2,4,0
41,4,28,6,1,4,4475.0,4475.0,66,0.0,51.01515151515152,2.357142857142857,0.0,1,1,3,2,2,0
49,2,39,2,3,2,11714.0,10765.0,68,0.081,78.91176470588235,1.7435897435897436,949.0,1,1,3,1,0,0
59,1,49,3,2,2,15809.0,15809.0,48,0.0,64.77083333333333,0.979591836734694,0.0,3,1,5,2,1,3
54,1,42,5,3,3,3251.0,1332.0,31,0.59,45.354838709677416,0.7380952380952381,1919.0,2,1,3,1,0,0
33,2,20,2,1,4,34516.0,34516.0,73,0.0,127.91780821917808,3.65,0.0,4,1,0,1,0,1
44,0,34,2,1,2,22226.0,20362.0,97,0.084,90.23711340206184,2.8529411764705883,1864.0,4,1,6,1,1,3
46,4,31,4,1,4,21226.0,20024.0,96,0.057,146.90625,3.096774193548387,1202.0,4,1,6,2,2,0
43,3,28,6,2,3,6720.0,4577.0,85,0.319,59.4,3.0357142857142856,2143.0,1,0,3,3,5,0
42,5,27,1,3,1,2437.0,719.0,77,0.705,104.25974025974024,2.851851851851852,1718.0,0,1,0,1,1,0
38,1,33,5,4,1,1503.0,624.0,77,0.585,57.64935064935065,2.333333333333333,879.0,0,1,3,2,2,0
54,2,44,6,3,2,7866.0,7866.0,55,0.0,77.05454545454545,1.25,0.0,2,1,2,2,2,0
47,2,36,6,2,3,5667.0,3150.0,38,0.444,57.26315789473684,1.0555555555555556,2517.0,2,0,0,1,4,0
53,3,36,4,3,2,3539.0,1022.0,45,0.711,37.266666666666666,1.25,2517.0,0,1,2,1,2,0
43,4,32,2,1,2,24244.0,22595.0,84,0.068,96.11904761904762,2.625,1649.0,4,1,2,0,3,0
57,2,47,5,1,2,2504.0,589.0,86,0.765,56.36046511627907,1.8297872340425527,1915.0,0,0,1,0,4,0
62,0,42,3,4,4,17161.0,17161.0,42,0.0,45.19047619047619,1.0,0.0,2,1,6,2,1,3
49,3,39,5,3,2,2361.0,1019.0,78,0.568,55.333333333333336,2.0,1342.0,0,1,3,1,3,0
56,3,36,5,1,1,12211.0,12211.0,29,0.0,31.13793103448276,0.8055555555555556,0.0,2,1,2,1,0,0
52,2,36,6,4,2,2804.0,1022.0,69,0.636,63.14492753623188,1.9166666666666667,1782.0,0,0,2,1,1,0
42,4,36,5,2,3,2128.0,1600.0,41,0.248,55.829268292682926,1.1388888888888888,528.0,2,0,2,1,4,0
60,1,50,4,4,3,1438.3,413.3,12,0.713,58.5,0.24,1025.0,2,0,5,1,1,0
29,1,36,3,1,3,1438.3,1438.3,41,0.0,52.29268292682927,1.1388888888888888,0.0,2,1,3,1,1,0
30,0,17,4,1,3,4704.0,4704.0,87,0.0,37.86206896551724,5.117647058823529,0.0,1,0,2,0,4,0
48,2,30,3,3,3,4204.0,4204.0,43,0.0,53.86046511627907,1.4333333333333331,0.0,2,0,6,1,4,0
63,0,36,6,3,2,7108.0,6508.0,68,0.084,55.69117647058823,1.8888888888888888,600.0,1,1,2,2,5,0
53,3,42,6,1,2,22938.0,21238.0,54,0.074,63.48148148148148,1.2857142857142858,1700.0,3,1,6,2,2,0
37,3,31,3,3,4,2005.0,488.0,61,0.757,39.98360655737705,1.967741935483871,1517.0,0,0,2,2,4,0
31,1,36,4,3,2,34516.0,34516.0,60,0.0,36.38333333333333,1.6666666666666667,0.0,3,0,6,2,5,3
37,5,36,4,1,1,34516.0,34516.0,55,0.0,48.74545454545454,1.5277777777777777,0.0,3,1,1,2,3,3
41,4,22,1,2,3,5037.0,3367.0,67,0.332,65.35820895522389,3.0454545454545454,1670.0,1,1,0,1,3,0
55,3,32,5,3,4,2496.0,497.0,50,0.801,51.8,1.5625,1999.0,0,0,6,2,1,0
50,1,38,4,5,3,34516.0,32440.0,65,0.06,56.10769230769231,1.7105263157894737,2076.0,3,1,6,1,0,0
46,2,36,4,6,2,2042.0,683.0,73,0.666,67.35616438356165,2.0277777777777777,1359.0,0,0,2,2,5,0
60,1,55,5,5,3,34516.0,32874.0,95,0.048,157.41052631578947,1.7272727272727273,1642.0,4,1,3,2,2,3
38,1,36,4,1,2,2836.0,1974.0,83,0.304,49.65060240963855,2.305555555555556,862.0,1,1,0,1,2,0
55,3,42,3,2,1,26101.0,25487.0,48,0.024,30.666666666666668,1.1428571428571428,614.0,3,1,0,1,3,0
59,1,54,2,5,4,15633.0,15633.0,58,0.0,149.31034482758622,1.0740740740740742,0.0,3,1,2,2,3,0
47,1,42,3,2,1,1626.0,1626.0,78,0.0,62.14102564102564,1.8571428571428568,0.0,1,1,2,1,1,0
51,4,37,6,2,2,8783.0,6641.0,83,0.244,53.31325301204819,2.2432432432432434,2142.0,1,1,3,2,3,0
31,1,36,6,3,5,12359.0,12359.0,70,0.0,107.54285714285714,1.9444444444444444,0.0,1,1,4,2,4,3
50,2,21,6,1,1,2965.0,1146.0,66,0.613,67.8030303030303,3.142857142857143,1819.0,0,0,3,1,4,0
54,1,36,2,2,3,10798.0,9420.0,105,0.128,130.2952380952381,2.9166666666666665,1378.0,4,0,3,2,5,0
39,2,34,6,3,3,8823.0,7282.0,32,0.175,61.28125,0.9411764705882352,1541.0,2,1,3,1,3,0
44,2,25,6,2,3,3299.0,782.0,84,0.763,51.333333333333336,3.36,2517.0,0,0,3,2,1,0
49,4,33,4,2,3,2097.0,847.0,71,0.596,58.42253521126761,2.1515151515151514,1250.0,0,0,0,2,4,0
41,4,29,4,2,1,12154.0,9637.0,71,0.207,54.267605633802816,2.4482758620689653,2517.0,1,1,3,1,3,0
46,3,38,3,2,2,8989.0,8437.0,49,0.061,47.12244897959184,1.2894736842105263,552.0,2,1,1,1,0,0
47,3,36,3,2,1,2500.0,1331.0,87,0.468,49.02298850574713,2.4166666666666665,1169.0,0,0,0,2,4,0
41,5,28,2,3,1,2665.0,729.0,71,0.726,63.38028169014085,2.5357142857142856,1936.0,0,0,2,1,4,0
43,4,28,5,2,4,1484.0,1484.0,39,0.0,42.66666666666666,1.3928571428571428,0.0,2,0,0,1,4,0
53,1,36,3,1,3,17054.0,17054.0,72,0.0,64.70833333333333,2.0,0.0,1,0,0,0,5,0
51,3,36,6,3,2,11512.0,10524.0,32,0.086,57.5625,0.8888888888888888,988.0,2,1,2,1,1,0
40,2,27,4,2,3,2208.0,2208.0,56,0.0,47.48214285714285,2.074074074074074,0.0,1,0,1,1,1,0
53,3,41,3,1,0,2480.0,1129.0,36,0.545,37.75,0.8780487804878049,1351.0,2,1,3,1,2,0
48,2,44,4,3,3,8904.0,7018.0,65,0.212,56.215384615384615,1.4772727272727273,1886.0,1,1,6,3,2,0
41,3,28,2,2,0,34516.0,32418.0,87,0.061,79.67816091954023,3.107142857142857,2098.0,4,1,3,2,3,1
39,1,34,6,1,3,3766.0,2717.0,51,0.279,29.686274509803923,1.5,1049.0,2,1,6,0,3,0
47,3,31,5,1,3,2317.0,2317.0,89,0.0,54.98876404494382,2.870967741935484,0.0,1,0,3,2,4,0
40,2,24,5,1,0,2478.0,447.0,31,0.82,50.25806451612903,1.2916666666666667,2031.0,0,1,2,2,3,0
34,2,36,5,2,4,2379.0,397.0,50,0.833,59.32,1.3888888888888888,1982.0,0,1,6,1,2,0
44,1,33,3,2,4,2540.0,2540.0,31,0.0,49.38709677419355,0.9393939393939394,0.0,2,1,6,2,2,0
51,2,36,4,3,4,5062.0,3403.0,102,0.328,41.59803921568628,2.833333333333333,1659.0,1,0,2,0,5,0
49,3,37,4,3,4,17345.0,16800.0,64,0.031,55.046875,1.7297297297297298,545.0,3,0,2,2,5,0
56,1,49,1,2,1,17542.0,15025.0,138,0.143,101.0072463768116,2.816326530612245,2517.0,4,0,3,1,5,0
51,5,36,1,1,1,7645.0,5569.0,75,0.272,102.8,2.083333333333333,2076.0,1,0,3,2,4,0
38,3,24,5,1,3,14821.0,14821.0,60,0.0,47.93333333333333,2.5,0.0,1,1,2,0,3,0
40,3,29,3,2,1,30997.0,28667.0,81,0.075,47.17283950617284,2.793103448275862,2330.0,3,1,5,0,3,0
41,4,29,5,2,3,3281.0,3281.0,45,0.0,64.6,1.5517241379310345,0.0,2,0,0,1,1,0
62,1,54,3,3,4,2941.0,1768.0,27,0.399,53.81481481481482,0.5,1173.0,2,0,3,1,4,0
64,1,56,4,2,4,1438.3,1438.3,35,0.0,40.48571428571429,0.625,0.0,2,0,3,1,1,0
60,1,36,6,1,3,4408.0,3207.0,71,0.272,58.54929577464789,1.9722222222222223,1201.0,1,0,2,2,5,0
31,1,36,3,3,3,1868.0,353.0,35,0.811,63.68571428571428,0.9722222222222222,1515.0,2,1,6,1,4,0
41,2,36,4,3,2,6062.0,5301.0,66,0.126,58.74242424242424,1.8333333333333333,761.0,1,1,3,1,2,0
50,2,45,6,3,3,34516.0,34516.0,55,0.0,46.78181818181818,1.2222222222222223,0.0,3,1,1,1,0,3
51,1,22,2,3,3,4248.0,3071.0,116,0.277,120.32758620689656,5.2727272727272725,1177.0,4,1,6,2,2,0
52,2,34,3,2,3,11188.0,11188.0,47,0.0,44.87234042553192,1.3823529411764706,0.0,2,1,1,1,0,0
47,3,29,2,2,3,2814.0,1219.0,87,0.567,54.7816091954023,3.0,1595.0,0,0,5,3,4,0
41,3,28,6,3,0,5841.0,3378.0,81,0.422,47.123456790123456,2.892857142857143,2463.0,0,1,0,2,2,0
48,3,42,2,2,1,2214.0,1189.0,82,0.463,62.0,1.9523809523809523,1025.0,0,0,2,2,4,0
44,3,32,6,2,2,12725.0,10966.0,58,0.138,71.36206896551724,1.8125,1759.0,1,1,6,1,0,0
46,5,41,3,3,4,7478.0,5703.0,79,0.237,51.16455696202532,1.9268292682926829,1775.0,1,1,3,2,2,0
36,2,30,4,2,4,1606.0,808.0,45,0.497,49.53333333333333,1.5,798.0,2,1,4,2,2,0
50,2,38,4,1,1,19999.0,18992.0,69,0.05,46.130434782608695,1.8157894736842104,1007.0,3,1,2,2,3,0
60,0,49,3,1,1,11060.0,9413.0,83,0.149,54.75903614457831,1.6938775510204085,1647.0,1,0,5,2,4,3
41,2,32,5,2,3,14302.0,12205.0,35,0.147,43.0,1.09375,2097.0,2,1,2,1,0,0
54,2,49,2,4,3,1812.0,14.0,44,0.992,66.38636363636364,0.8979591836734694,1798.0,0,0,6,1,5,0
43,4,36,2,3,2,19333.0,19333.0,63,0.0,124.55555555555556,1.75,0.0,3,1,5,0,3,0
45,5,36,4,2,1,2718.0,1244.0,59,0.542,60.03389830508475,1.6388888888888888,1474.0,0,1,2,2,4,0
55,2,36,5,2,0,6244.0,3727.0,40,0.403,36.125,1.1111111111111112,2517.0,2,1,3,2,1,0
40,2,36,6,2,2,1538.0,1538.0,79,0.0,61.822784810126585,2.1944444444444446,0.0,1,0,2,2,4,0
62,1,56,5,3,3,2359.0,1117.0,50,0.526,40.42,0.8928571428571429,1242.0,2,1,3,1,1,0
50,1,37,3,1,0,12064.0,10752.0,67,0.109,61.19402985074627,1.8108108108108107,1312.0,1,0,2,2,1,0
46,4,34,1,2,3,33874.0,32401.0,98,0.043,140.33673469387756,2.8823529411764706,1473.0,4,0,6,2,5,3
56,1,43,2,2,3,10602.0,9519.0,91,0.102,154.76923076923077,2.116279069767442,1083.0,4,1,6,3,2,0
26,0,19,5,2,2,2187.0,590.0,46,0.73,55.65217391304348,2.421052631578948,1597.0,0,1,6,2,1,0
47,2,32,3,5,2,3842.0,2279.0,107,0.407,137.85981308411215,3.34375,1563.0,4,1,3,1,2,0
59,0,47,5,1,2,3278.0,1972.0,32,0.398,42.9375,0.6808510638297872,1306.0,2,1,3,1,3,0
52,3,40,6,2,2,5376.0,4572.0,74,0.15,60.95945945945946,1.85,804.0,1,1,1,1,2,0
48,3,31,6,2,2,9816.0,9816.0,81,0.0,43.07407407407408,2.6129032258064515,0.0,1,0,2,0,4,0
44,4,34,5,3,3,8874.0,7284.0,56,0.179,33.017857142857146,1.6470588235294117,1590.0,2,1,0,3,0,0
39,3,26,6,1,4,3209.0,692.0,37,0.784,34.91891891891892,1.4230769230769231,2517.0,2,0,4,3,5,0
48,3,35,6,3,4,2173.0,2173.0,60,0.0,70.85,1.7142857142857142,0.0,1,1,6,1,1,0
47,4,37,6,2,2,4256.0,3172.0,29,0.255,37.93103448275862,0.7837837837837838,1084.0,2,0,0,2,4,0
45,3,41,5,4,2,2777.0,659.0,64,0.763,69.40625,1.5609756097560976,2118.0,0,0,2,1,5,0
49,2,31,6,1,3,2381.0,778.0,79,0.673,50.79746835443038,2.548387096774193,1603.0,0,0,5,2,4,0
39,2,19,4,3,3,6628.0,4893.0,89,0.262,45.50561797752809,4.684210526315789,1735.0,1,1,5,2,1,0
56,2,52,3,5,1,3639.0,1461.0,42,0.599,44.40476190476191,0.8076923076923077,2178.0,2,0,0,2,4,0
54,1,43,3,3,2,5839.0,3709.0,44,0.365,37.27272727272727,1.0232558139534884,2130.0,2,0,0,1,5,0
46,2,41,4,2,0,21526.0,19194.0,37,0.108,35.486486486486484,0.902439024390244,2332.0,3,1,0,2,3,0
43,3,36,6,1,2,25937.0,25937.0,68,0.0,55.66176470588236,1.8888888888888888,0.0,3,1,2,3,0,0
47,3,36,3,2,2,3035.0,3035.0,63,0.0,61.06349206349206,1.75,0.0,1,0,3,1,4,0
41,2,31,3,1,3,8228.0,6293.0,68,0.235,72.54411764705883,2.193548387096774,1935.0,1,1,2,2,2,0
46,3,40,4,3,1,16239.0,14752.0,48,0.092,79.95833333333333,1.2,1487.0,3,0,3,2,1,3
44,3,40,2,1,1,7212.0,6204.0,82,0.14,63.03658536585366,2.05,1008.0,1,0,1,1,5,0
55,3,47,3,2,2,1602.0,640.0,97,0.6,50.23711340206186,2.0638297872340425,962.0,0,1,3,2,2,0
33,2,24,3,1,2,6803.0,4507.0,47,0.337,55.38297872340426,1.9583333333333333,2296.0,2,0,2,0,4,0
47,3,36,5,4,2,3300.0,783.0,55,0.763,68.8,1.5277777777777777,2517.0,0,0,0,1,4,0
59,1,36,2,2,2,26692.0,24175.0,86,0.094,102.09302325581396,2.388888888888889,2517.0,4,1,2,2,2,3
42,4,36,3,3,1,2782.0,1000.0,93,0.641,50.204301075268816,2.583333333333333,1782.0,0,0,2,0,5,0
51,5,39,6,2,4,5455.0,4238.0,67,0.223,57.656716417910445,1.7179487179487178,1217.0,1,0,6,1,4,0
52,2,41,4,2,2,5616.0,3206.0,62,0.429,55.0,1.5121951219512195,2410.0,0,0,3,1,4,0
37,3,17,1,1,2,4116.0,2643.0,70,0.358,123.81428571428572,4.117647058823529,1473.0,4,1,2,2,3,0
35,2,36,5,3,3,1931.0,1931.0,40,0.0,62.05,1.1111111111111112,0.0,2,1,6,2,4,0
44,0,24,5,3,0,8837.0,6734.0,60,0.238,62.55,2.5,2103.0,1,1,5,1,4,0
43,5,38,3,3,2,7599.0,6499.0,71,0.145,61.985915492957744,1.868421052631579,1100.0,1,1,2,3,1,0
50,2,39,3,2,2,2275.0,137.0,83,0.94,93.59036144578312,2.128205128205128,2138.0,0,0,3,1,1,0
43,4,32,2,2,2,7139.0,5627.0,112,0.212,132.16071428571428,3.5,1512.0,4,1,3,1,1,0
40,3,27,1,1,1,2840.0,323.0,82,0.886,53.71951219512195,3.037037037037037,2517.0,0,0,5,1,4,0
33,3,15,5,3,2,1438.3,383.3,67,0.734,62.80597014925373,4.466666666666667,1055.0,0,0,2,1,5,0
49,3,42,1,3,3,3802.0,2244.0,43,0.41,46.58139534883721,1.0238095238095235,1558.0,2,0,1,0,5,0
49,4,30,5,3,3,1579.0,679.0,70,0.57,62.2,2.333333333333333,900.0,0,1,3,2,2,0
37,3,36,5,2,4,12830.0,12830.0,54,0.0,46.77777777777778,1.5,0.0,2,1,1,2,3,0
51,2,36,2,2,2,1588.0,82.0,68,0.948,68.52941176470588,1.8888888888888888,1506.0,0,0,6,2,4,0
54,4,41,3,1,3,2028.0,2028.0,78,0.0,51.66666666666666,1.902439024390244,0.0,1,0,6,1,4,0
56,2,36,1,1,1,4731.0,3900.0,118,0.176,126.71186440677968,3.2777777777777777,831.0,4,1,3,3,3,0
56,2,44,2,1,2,8204.0,6829.0,76,0.168,62.19736842105263,1.7272727272727273,1375.0,1,0,2,1,5,0
46,3,36,6,3,2,2189.0,523.0,36,0.761,35.75,1.0,1666.0,2,0,1,2,5,0
49,3,36,3,3,3,1438.3,1438.3,43,0.0,43.0,1.1944444444444444,0.0,2,0,2,0,4,0
34,2,13,5,1,2,1438.3,1438.3,67,0.0,38.16417910447761,5.153846153846154,0.0,1,0,1,2,4,0
34,2,22,4,2,4,1631.0,1631.0,57,0.0,51.96491228070175,2.590909090909091,0.0,1,1,0,1,3,0
52,2,45,3,3,3,2548.0,865.0,54,0.661,38.05555555555556,1.2,1683.0,0,0,2,1,4,0
26,0,13,2,1,1,10254.0,10254.0,68,0.0,62.61764705882353,5.230769230769231,0.0,1,1,6,3,4,3
42,1,30,3,2,2,18570.0,16678.0,78,0.102,51.74358974358975,2.6,1892.0,1,1,5,0,2,0
34,3,28,3,1,3,24765.0,22766.0,36,0.081,42.888888888888886,1.2857142857142858,1999.0,3,1,0,1,3,0
54,2,45,3,1,3,1438.3,1132.3,15,0.213,46.266666666666666,0.3333333333333333,306.0,2,0,2,1,4,0
45,2,36,2,2,3,13026.0,12237.0,100,0.061,147.47,2.7777777777777777,789.0,4,0,6,2,4,3
32,3,21,4,3,5,21390.0,21390.0,59,0.0,41.983050847457626,2.8095238095238093,0.0,3,1,0,2,3,0
57,0,45,3,2,2,2278.0,1433.0,45,0.371,51.266666666666666,1.0,845.0,2,0,3,1,1,0
28,0,20,1,1,3,4342.0,3449.0,116,0.206,147.10344827586206,5.8,893.0,4,1,5,2,4,0
60,1,48,3,1,3,1438.3,688.3,88,0.521,51.61363636363637,1.8333333333333333,750.0,0,1,2,2,1,0
52,3,39,5,3,2,3302.0,785.0,47,0.762,57.06382978723404,1.205128205128205,2517.0,0,0,3,1,4,0
48,3,40,1,2,1,2097.0,842.0,83,0.598,50.46987951807229,2.075,1255.0,0,0,3,1,4,0
39,2,24,2,3,2,21679.0,20606.0,115,0.049,135.48695652173913,4.791666666666667,1073.0,4,1,2,2,2,0
53,1,36,2,3,3,19252.0,18501.0,112,0.039,125.66071428571428,3.111111111111111,751.0,4,1,6,1,0,0
45,3,36,6,2,3,2020.0,917.0,85,0.546,58.24705882352941,2.361111111111111,1103.0,0,0,3,2,4,0
57,4,49,4,2,4,3038.0,1628.0,34,0.464,51.8235294117647,0.6938775510204082,1410.0,2,1,2,1,3,0
54,3,44,2,5,3,4216.0,2926.0,121,0.306,113.94214876033058,2.75,1290.0,4,1,4,2,1,0
41,2,36,3,3,4,1569.0,1312.0,45,0.164,50.84444444444444,1.25,257.0,2,0,0,0,4,0
57,0,47,2,3,1,4945.0,3166.0,72,0.36,56.06944444444444,1.5319148936170213,1779.0,0,0,0,1,4,0
45,2,36,2,1,3,8103.0,8103.0,82,0.0,63.670731707317074,2.2777777777777777,0.0,1,0,5,1,5,0
56,2,46,3,3,5,12540.0,10844.0,115,0.135,143.63478260869564,2.5,1696.0,4,1,0,2,3,0
34,3,27,3,2,4,2313.0,538.0,68,0.767,63.48529411764706,2.5185185185185186,1775.0,0,0,5,2,1,0
40,3,36,2,1,0,10729.0,10729.0,108,0.0,133.0,3.0,0.0,4,0,0,2,4,3
51,4,36,5,3,2,1571.0,1571.0,74,0.0,61.891891891891895,2.055555555555556,0.0,1,0,2,1,4,0
50,1,36,3,2,2,17970.0,16580.0,97,0.077,136.1237113402062,2.6944444444444446,1390.0,4,0,2,2,5,0
60,1,41,3,2,4,2425.0,2425.0,36,0.0,42.27777777777778,0.8780487804878049,0.0,2,0,6,2,1,0
33,1,36,5,3,3,8398.0,6523.0,123,0.223,135.8211382113821,3.4166666666666665,1875.0,4,0,5,2,4,0
31,0,22,3,1,1,4254.0,1790.0,62,0.579,38.16129032258065,2.8181818181818183,2464.0,0,0,2,2,4,0
38,3,36,2,2,3,34516.0,32508.0,86,0.058,103.16279069767442,2.388888888888889,2008.0,3,1,6,2,3,3
32,3,36,3,1,3,3555.0,3555.0,71,0.0,33.04225352112676,1.9722222222222223,0.0,1,0,2,2,4,0
44,2,39,1,2,3,34516.0,32915.0,86,0.046,87.1046511627907,2.2051282051282053,1601.0,3,1,3,3,2,3
40,4,30,6,3,2,4640.0,3085.0,70,0.335,55.285714285714285,2.333333333333333,1555.0,1,1,4,2,1,0
29,1,23,4,3,4,4945.0,4945.0,69,0.0,39.7536231884058,3.0,0.0,1,0,0,2,4,0
51,4,37,4,4,2,1765.0,278.0,66,0.842,50.5,1.7837837837837838,1487.0,0,0,5,2,4,0
50,4,34,5,1,1,18142.0,18142.0,95,0.0,162.38947368421051,2.794117647058824,0.0,4,1,2,1,2,0
36,1,22,6,3,2,9817.0,8969.0,85,0.086,54.54117647058823,3.863636363636364,848.0,1,0,3,2,5,0
38,3,36,4,3,2,2584.0,2584.0,28,0.0,65.82142857142857,0.7777777777777778,0.0,2,1,4,1,2,0
45,4,30,6,2,2,17625.0,16731.0,39,0.051,45.46153846153846,1.3,894.0,3,1,2,2,2,0
42,2,36,1,1,3,1438.3,752.3,80,0.477,43.7375,2.2222222222222223,686.0,0,1,2,2,1,0
37,1,36,3,3,1,2886.0,688.0,81,0.762,55.93827160493827,2.25,2198.0,0,0,2,2,1,0
38,2,31,2,3,2,14041.0,11887.0,29,0.153,50.58620689655172,0.935483870967742,2154.0,2,0,2,2,5,0
44,4,34,6,4,2,2105.0,2105.0,67,0.0,62.53731343283582,1.9705882352941175,0.0,1,0,2,1,5,0
55,2,36,5,2,3,2629.0,1153.0,41,0.561,42.073170731707314,1.1388888888888888,1476.0,2,0,6,1,4,0
44,2,32,4,2,3,2485.0,996.0,77,0.599,48.01298701298701,2.40625,1489.0,0,0,3,1,4,0
42,4,35,3,3,1,14958.0,13314.0,68,0.11,59.38235294117647,1.9428571428571428,1644.0,1,1,2,2,2,0
43,2,24,2,2,2,16667.0,15204.0,115,0.088,133.05217391304348,4.791666666666667,1463.0,4,1,5,1,3,0
40,3,36,6,2,2,5014.0,3127.0,66,0.376,66.53030303030303,1.8333333333333333,1887.0,1,1,6,1,3,0
47,2,39,5,3,3,3899.0,3899.0,40,0.0,54.55,1.0256410256410255,0.0,2,0,3,1,4,0
45,2,36,3,4,3,2918.0,1321.0,76,0.547,58.60526315789474,2.111111111111111,1597.0,0,0,5,1,4,0
56,1,36,6,2,2,2802.0,546.0,46,0.805,51.54347826086956,1.2777777777777777,2256.0,0,0,4,1,4,0
45,4,40,3,2,2,11962.0,10937.0,52,0.086,36.67307692307692,1.3,1025.0,2,1,0,3,0,0
50,1,38,4,3,3,7603.0,6859.0,42,0.098,59.45238095238095,1.105263157894737,744.0,2,1,6,2,2,0
63,1,55,4,3,1,16312.0,15792.0,68,0.032,64.20588235294117,1.2363636363636363,520.0,1,0,5,2,5,0
44,3,38,4,2,3,3889.0,1372.0,37,0.647,46.43243243243244,0.9736842105263158,2517.0,2,0,2,1,4,0
58,2,36,6,4,0,2212.0,310.0,79,0.86,62.9873417721519,2.1944444444444446,1902.0,0,0,0,2,4,0
54,2,47,4,3,3,2156.0,1022.0,77,0.526,53.50649350649351,1.6382978723404256,1134.0,0,0,2,1,5,0
46,4,36,4,2,2,6370.0,6370.0,40,0.0,44.575,1.1111111111111112,0.0,2,0,5,1,4,0
32,0,20,5,1,5,3983.0,3552.0,46,0.108,67.34782608695652,2.3,431.0,2,0,2,2,4,0
42,3,31,3,3,4,2934.0,417.0,55,0.858,45.16363636363637,1.7741935483870968,2517.0,0,1,2,2,2,0
29,1,21,2,1,3,2832.0,1013.0,75,0.642,63.48,3.571428571428572,1819.0,0,0,5,1,4,0
30,0,18,5,1,1,4203.0,3207.0,68,0.237,107.23529411764706,3.7777777777777777,996.0,1,0,2,0,4,0
48,2,36,4,3,2,9617.0,7582.0,76,0.212,55.88157894736842,2.111111111111111,2035.0,1,1,4,1,1,0
36,1,23,6,3,3,20230.0,19432.0,82,0.039,52.609756097560975,3.565217391304348,798.0,1,1,5,3,0,0
49,5,41,2,3,2,5275.0,3785.0,74,0.282,56.93243243243244,1.804878048780488,1490.0,1,1,2,2,3,0
57,3,45,1,4,2,1759.0,1573.0,35,0.106,77.28571428571429,0.7777777777777778,186.0,2,0,2,1,4,0
42,3,38,6,1,1,16105.0,15381.0,76,0.045,60.93421052631579,2.0,724.0,1,1,2,3,3,0
54,2,41,5,2,4,1438.3,624.3,72,0.566,58.56944444444444,1.7560975609756098,814.0,0,0,5,2,4,0
48,1,36,6,3,3,34516.0,32887.0,78,0.047,51.82051282051282,2.1666666666666665,1629.0,3,1,0,2,3,3
37,1,28,4,3,2,2458.0,1816.0,90,0.261,51.41111111111111,3.2142857142857144,642.0,1,0,3,2,5,0
50,1,39,4,1,1,2421.0,1392.0,56,0.425,42.44642857142857,1.435897435897436,1029.0,0,1,3,2,1,0
36,3,22,3,3,1,2784.0,406.0,57,0.854,35.45614035087719,2.590909090909091,2378.0,0,0,5,2,4,0
34,1,29,4,3,2,14938.0,13526.0,36,0.095,53.61111111111112,1.2413793103448276,1412.0,2,1,2,1,0,0
31,0,21,5,2,2,1677.0,1677.0,50,0.0,61.18,2.380952380952381,0.0,1,0,0,1,4,0
56,1,36,6,2,2,4263.0,4263.0,70,0.0,69.65714285714286,1.9444444444444444,0.0,1,0,0,1,5,0
37,3,18,5,3,2,1663.0,1663.0,82,0.0,48.170731707317074,4.555555555555555,0.0,1,1,2,1,3,0
54,2,43,6,1,4,3006.0,2373.0,66,0.211,78.43939393939394,1.5348837209302326,633.0,1,0,5,2,4,0
48,2,41,4,2,3,2168.0,845.0,38,0.61,65.76315789473684,0.926829268292683,1323.0,2,0,2,2,4,0
49,3,38,5,3,1,7862.0,5871.0,82,0.253,44.45121951219512,2.1578947368421053,1991.0,1,1,0,2,4,0
35,2,30,3,3,1,4549.0,3356.0,33,0.262,58.0,1.1,1193.0,2,0,3,1,4,0
35,3,20,5,3,4,8082.0,5775.0,29,0.285,59.48275862068966,1.45,2307.0,2,1,2,1,3,0
41,1,32,3,2,4,10266.0,8876.0,42,0.135,40.95238095238095,1.3125,1390.0,2,1,4,2,1,0
45,4,27,2,2,1,3670.0,1986.0,100,0.459,86.08,3.703703703703704,1684.0,4,0,5,0,1,0
59,0,47,5,3,2,7692.0,6014.0,42,0.218,44.30952380952381,0.8936170212765957,1678.0,2,0,6,1,4,0
57,2,47,6,2,3,2092.0,705.0,30,0.663,48.93333333333333,0.6382978723404256,1387.0,2,1,2,1,3,0
48,4,40,2,3,3,30210.0,28264.0,88,0.064,84.125,2.2,1946.0,3,1,3,2,0,0
44,2,31,2,1,3,6176.0,5271.0,95,0.147,158.96842105263158,3.064516129032258,905.0,4,1,3,1,0,0
41,3,35,6,2,1,8376.0,7211.0,67,0.139,61.82089552238806,1.9142857142857144,1165.0,1,1,3,1,3,0
53,2,36,4,3,1,1438.3,856.3,92,0.405,53.42391304347826,2.555555555555556,582.0,0,0,2,1,1,0
52,1,44,5,2,2,2019.0,1028.0,59,0.491,61.067796610169495,1.3409090909090908,991.0,0,0,2,2,4,0
31,1,18,3,1,3,3399.0,1599.0,121,0.53,108.66115702479338,6.722222222222222,1800.0,4,0,6,2,4,0
49,2,32,3,1,3,1438.3,728.3,80,0.494,47.6,2.5,710.0,0,0,6,1,4,0
36,1,36,6,3,1,6116.0,3599.0,56,0.412,42.30357142857143,1.5555555555555556,2517.0,0,0,3,2,4,0
39,2,30,5,3,3,2220.0,2220.0,55,0.0,51.98181818181818,1.8333333333333333,0.0,1,1,3,1,1,0
32,0,36,5,2,4,2699.0,1090.0,56,0.596,38.23214285714285,1.5555555555555556,1609.0,0,0,3,0,4,0
45,2,38,3,2,3,3682.0,3682.0,77,0.0,52.142857142857146,2.026315789473684,0.0,1,0,6,1,4,0
35,2,19,4,3,3,8599.0,7661.0,64,0.109,47.109375,3.3684210526315788,938.0,1,1,3,3,1,0
48,3,36,3,2,3,7400.0,6764.0,51,0.086,30.745098039215687,1.4166666666666667,636.0,2,1,3,2,1,0
47,4,36,4,5,2,10585.0,8836.0,108,0.165,171.14814814814815,3.0,1749.0,4,1,6,1,2,0
51,0,42,1,4,4,9989.0,9421.0,49,0.057,41.89795918367347,1.1666666666666667,568.0,2,0,3,1,5,0
45,3,35,3,3,3,2745.0,282.0,39,0.897,63.23076923076923,1.1142857142857143,2463.0,0,0,5,1,4,0
41,5,29,5,2,2,5207.0,3459.0,26,0.336,50.38461538461539,0.896551724137931,1748.0,2,1,2,2,0,0
42,3,28,6,2,1,1438.3,1438.3,74,0.0,60.567567567567565,2.642857142857143,0.0,1,0,2,2,4,0
62,1,55,3,3,3,1892.0,288.0,34,0.848,46.5,0.6181818181818182,1604.0,2,0,6,2,4,0
